0,cards_front/blue_resource_card_front_1.jpg
1,cards_front/blue_resource_card_front_2.jpg
2,cards_front/blue_resource_card_front_3.jpg
3,cards_front/blue_resource_card_front_4.jpg
4,cards_front/blue_resource_card_front_5.jpg
5,cards_front/blue_resource_card_front_6.jpg
6,cards_front/blue_resource_card_front_7.jpg
7,cards_front/blue_resource_card_front_8.jpg
8,cards_front/blue_resource_card_front_9.jpg
9,cards_front/blue_resource_card_front_10.jpg
10,cards_front/green_resource_card_front_1.jpg
11,cards_front/green_resource_card_front_2.jpg
12,cards_front/green_resource_card_front_3.jpg
13,cards_front/green_resource_card_front_4.jpg
14,cards_front/green_resource_card_front_5.jpg
15,cards_front/green_resource_card_front_6.jpg
16,cards_front/green_resource_card_front_7.jpg
17,cards_front/green_resource_card_front_8.jpg
18,cards_front/green_resource_card_front_9.jpg
19,cards_front/green_resource_card_front_10.jpg
20,cards_front/purple_resource_card_front_1.jpg
21,cards_front/purple_resource_card_front_2.jpg
22,cards_front/purple_resource_card_front_3.jpg
23,cards_front/purple_resource_card_front_4.jpg
24,cards_front/purple_resource_card_front_5.jpg
25,cards_front/purple_resource_card_front_6.jpg
26,cards_front/purple_resource_card_front_7.jpg
27,cards_front/purple_resource_card_front_8.jpg
28,cards_front/purple_resource_card_front_9.jpg
29,cards_front/purple_resource_card_front_10.jpg
30,cards_front/red_resource_card_front_1.jpg
31,cards_front/red_resource_card_front_2.jpg
32,cards_front/red_resource_card_front_3.jpg
33,cards_front/red_resource_card_front_4.jpg
34,cards_front/red_resource_card_front_5.jpg
35,cards_front/red_resource_card_front_6.jpg
36,cards_front/red_resource_card_front_7.jpg
37,cards_front/red_resource_card_front_8.jpg
38,cards_front/red_resource_card_front_9.jpg
39,cards_front/red_resource_card_front_10.jpg
40,cards_front/blue_gold_card_front_1.jpg
41,cards_front/blue_gold_card_front_2.jpg
42,cards_front/blue_gold_card_front_3.jpg
43,cards_front/blue_gold_card_front_4.jpg
44,cards_front/blue_gold_card_front_5.jpg
45,cards_front/blue_gold_card_front_6.jpg
46,cards_front/blue_gold_card_front_7.jpg
47,cards_front/blue_gold_card_front_8.jpg
48,cards_front/blue_gold_card_front_9.jpg
49,cards_front/blue_gold_card_front_10.jpg
50,cards_front/green_gold_card_front_1.jpg
51,cards_front/green_gold_card_front_2.jpg
52,cards_front/green_gold_card_front_3.jpg
53,cards_front/green_gold_card_front_4.jpg
54,cards_front/green_gold_card_front_5.jpg
55,cards_front/green_gold_card_front_6.jpg
56,cards_front/green_gold_card_front_7.jpg
57,cards_front/green_gold_card_front_8.jpg
58,cards_front/green_gold_card_front_9.jpg
59,cards_front/green_gold_card_front_10.jpg
60,cards_front/purple_gold_card_front_1.jpg
61,cards_front/purple_gold_card_front_2.jpg
62,cards_front/purple_gold_card_front_3.jpg
63,cards_front/purple_gold_card_front_4.jpg
64,cards_front/purple_gold_card_front_5.jpg
65,cards_front/purple_gold_card_front_6.jpg
66,cards_front/purple_gold_card_front_7.jpg
67,cards_front/purple_gold_card_front_8.jpg
68,cards_front/purple_gold_card_front_9.jpg
69,cards_front/purple_gold_card_front_10.jpg
70,cards_front/red_gold_card_front_1.jpg
71,cards_front/red_gold_card_front_2.jpg
72,cards_front/red_gold_card_front_3.jpg
73,cards_front/red_gold_card_front_4.jpg
74,cards_front/red_gold_card_front_5.jpg
75,cards_front/red_gold_card_front_6.jpg
76,cards_front/red_gold_card_front_7.jpg
77,cards_front/red_gold_card_front_8.jpg
78,cards_front/red_gold_card_front_9.jpg
79,cards_front/red_gold_card_front_10.jpg
80,cards_front/start_card_front_1.jpg
81,cards_front/start_card_front_2.jpg
82,cards_front/start_card_front_3.jpg
83,cards_front/start_card_front_4.jpg
84,cards_front/start_card_front_5.jpg
85,cards_front/start_card_front_6.jpg
86,cards_front/stair_goal_card_01.jpg
87,cards_front/stair_goal_card_02.jpg
88,cards_front/stair_goal_card_03.jpg
89,cards_front/stair_goal_card_04.jpg
90,cards_front/l_goal_card_11.jpg
91,cards_front/l_goal_card_12.jpg
92,cards_front/l_goal_card_13.jpg
93,cards_front/l_goal_card_14.jpg
94,cards_front/resourse_goal_card_21.jpg
95,cards_front/resourse_goal_card_22.jpg
96,cards_front/resourse_goal_card_23.jpg
97,cards_front/resourse_goal_card_24.jpg
98,cards_front/object_goal_card_31.jpg
99,cards_front/object_goal_card_32.jpg
100,cards_front/object_goal_card_33.jpg
101,cards_front/object_goal_card_34.jpg
102,cards_back/blue_resource_card_back.jpg
103,cards_back/blue_gold_card_back.jpg
104,cards_back/green_resource_card_back.jpg
105,cards_back/green_gold_card_back.jpg
106,cards_back/purple_resource_card_back.jpg
107,cards_back/purple_gold_card_back.jpg
108,cards_back/red_resource_card_back.jpg
109,cards_back/red_gold_card_back.jpg
110,cards_back/start_card_back_1.jpg
111,cards_back/start_card_back_2.jpg
112,cards_back/start_card_back_3.jpg
113,cards_back/start_card_back_4.jpg
114,cards_back/start_card_back_5.jpg
115,cards_back/start_card_back_6.jpg
116,cards_back/objective_card_back.jpg