0,images/cards_front/blue_resource_card_front_1.jpg
1,images/cards_front/blue_resource_card_front_2.jpg
2,images/cards_front/blue_resource_card_front_3.jpg
3,images/cards_front/blue_resource_card_front_4.jpg
4,images/cards_front/blue_resource_card_front_5.jpg
5,images/cards_front/blue_resource_card_front_6.jpg
6,images/cards_front/blue_resource_card_front_7.jpg
7,images/cards_front/blue_resource_card_front_8.jpg
8,images/cards_front/blue_resource_card_front_9.jpg
9,images/cards_front/blue_resource_card_front_10.jpg
10,images/cards_front/green_resource_card_front_1.jpg
11,images/cards_front/green_resource_card_front_2.jpg
12,images/cards_front/green_resource_card_front_3.jpg
13,images/cards_front/green_resource_card_front_4.jpg
14,images/cards_front/green_resource_card_front_5.jpg
15,images/cards_front/green_resource_card_front_6.jpg
16,images/cards_front/green_resource_card_front_7.jpg
17,images/cards_front/green_resource_card_front_8.jpg
18,images/cards_front/green_resource_card_front_9.jpg
19,images/cards_front/green_resource_card_front_10.jpg
20,images/cards_front/purple_resource_card_front_1.jpg
21,images/cards_front/purple_resource_card_front_2.jpg
22,images/cards_front/purple_resource_card_front_3.jpg
23,images/cards_front/purple_resource_card_front_4.jpg
24,images/cards_front/purple_resource_card_front_5.jpg
25,images/cards_front/purple_resource_card_front_6.jpg
26,images/cards_front/purple_resource_card_front_7.jpg
27,images/cards_front/purple_resource_card_front_8.jpg
28,images/cards_front/purple_resource_card_front_9.jpg
29,images/cards_front/purple_resource_card_front_10.jpg
30,images/cards_front/red_resource_card_front_1.jpg
31,images/cards_front/red_resource_card_front_2.jpg
32,images/cards_front/red_resource_card_front_3.jpg
33,images/cards_front/red_resource_card_front_4.jpg
34,images/cards_front/red_resource_card_front_5.jpg
35,images/cards_front/red_resource_card_front_6.jpg
36,images/cards_front/red_resource_card_front_7.jpg
37,images/cards_front/red_resource_card_front_8.jpg
38,images/cards_front/red_resource_card_front_9.jpg
39,images/cards_front/red_resource_card_front_10.jpg
40,images/cards_front/blue_gold_card_front_1.jpg
41,images/cards_front/blue_gold_card_front_2.jpg
42,images/cards_front/blue_gold_card_front_3.jpg
43,images/cards_front/blue_gold_card_front_4.jpg
44,images/cards_front/blue_gold_card_front_5.jpg
45,images/cards_front/blue_gold_card_front_6.jpg
46,images/cards_front/blue_gold_card_front_7.jpg
47,images/cards_front/blue_gold_card_front_8.jpg
48,images/cards_front/blue_gold_card_front_9.jpg
49,images/cards_front/blue_gold_card_front_10.jpg
50,images/cards_front/green_gold_card_front_1.jpg
51,images/cards_front/green_gold_card_front_2.jpg
52,images/cards_front/green_gold_card_front_3.jpg
53,images/cards_front/green_gold_card_front_4.jpg
54,images/cards_front/green_gold_card_front_5.jpg
55,images/cards_front/green_gold_card_front_6.jpg
56,images/cards_front/green_gold_card_front_7.jpg
57,images/cards_front/green_gold_card_front_8.jpg
58,images/cards_front/green_gold_card_front_9.jpg
59,images/cards_front/green_gold_card_front_10.jpg
60,images/cards_front/purple_gold_card_front_1.jpg
61,images/cards_front/purple_gold_card_front_2.jpg
62,images/cards_front/purple_gold_card_front_3.jpg
63,images/cards_front/purple_gold_card_front_4.jpg
64,images/cards_front/purple_gold_card_front_5.jpg
65,images/cards_front/purple_gold_card_front_6.jpg
66,images/cards_front/purple_gold_card_front_7.jpg
67,images/cards_front/purple_gold_card_front_8.jpg
68,images/cards_front/purple_gold_card_front_9.jpg
69,images/cards_front/purple_gold_card_front_10.jpg
70,images/cards_front/red_gold_card_front_1.jpg
71,images/cards_front/red_gold_card_front_2.jpg
72,images/cards_front/red_gold_card_front_3.jpg
73,images/cards_front/red_gold_card_front_4.jpg
74,images/cards_front/red_gold_card_front_5.jpg
75,images/cards_front/red_gold_card_front_6.jpg
76,images/cards_front/red_gold_card_front_7.jpg
77,images/cards_front/red_gold_card_front_8.jpg
78,images/cards_front/red_gold_card_front_9.jpg
79,images/cards_front/red_gold_card_front_10.jpg
80,images/cards_front/start_card_front_1.jpg
81,images/cards_front/start_card_front_2.jpg
82,images/cards_front/start_card_front_3.jpg
83,images/cards_front/start_card_front_4.jpg
84,images/cards_front/start_card_front_5.jpg
85,images/cards_front/start_card_front_6.jpg
86,images/cards_front/stair_goal_card_01.jpg
87,images/cards_front/stair_goal_card_02.jpg
88,images/cards_front/stair_goal_card_03.jpg
89,images/cards_front/stair_goal_card_04.jpg
90,images/cards_front/l_goal_card_11.jpg
91,images/cards_front/l_goal_card_12.jpg
92,images/cards_front/l_goal_card_13.jpg
93,images/cards_front/l_goal_card_14.jpg
94,images/cards_front/resourse_goal_card_21.jpg
95,images/cards_front/resourse_goal_card_22.jpg
96,images/cards_front/resourse_goal_card_23.jpg
97,images/cards_front/resourse_goal_card_24.jpg
98,images/cards_front/object_goal_card_31.jpg
99,images/cards_front/object_goal_card_32.jpg
100,images/cards_front/object_goal_card_33.jpg
101,images/cards_front/object_goal_card_34.jpg
102,images/cards_front/blue_resource_card_front_3.jpg
103,images/cards_front/blue_resource_card_front_4.jpg
104,images/cards_front/blue_resource_card_front_5.jpg
105,images/cards_front/blue_resource_card_front_6.jpg
106,images/cards_front/blue_resource_card_front_7.jpg
107,images/cards_front/blue_resource_card_front_8.jpg
108,images/cards_front/blue_resource_card_front_9.jpg
109,images/cards_front/blue_resource_card_front_10.jpg
110,images/cards_back/start_card_back_1.jpg
111,images/cards_back/start_card_back_2.jpg
112,images/cards_back/start_card_back_3.jpg
113,images/cards_back/start_card_back_4.jpg
114,images/cards_back/start_card_back_5.jpg
115,images/cards_back/start_card_back_6.jpg
116,images/cards_back/objective_card_back.jpg